{
  "designerVersion" : "1.5.41",
  "id" : "f5c0998a-5a39-42ea-b073-423a953842dc",
  "name" : "TestRecursiveAccordion",
  "type" : "page",
  "lastUpdate" : 1501179325350,
  "rows" : [ [ {
    "type" : "component",
    "dimension" : {
      "xs" : 12,
      "sm" : 12,
      "md" : 12,
      "lg" : 12
    },
    "propertyValues" : {
      "cssClasses" : {
        "type" : "constant",
        "value" : ""
      },
      "hidden" : {
        "type" : "constant",
        "value" : false
      },
      "accordionTree" : {
        "type" : "expression",
        "value" : "accordionTree"
      }
    },
    "reference" : "357b0d8f-25da-48d6-ab32-4f7cb87c6df8",
    "id" : "customRecursiveAccordion"
  } ] ],
  "assets" : [ {
    "id" : "e3c4f625-2acd-47b7-aa75-af827e2e2103",
    "name" : "style.css",
    "type" : "css",
    "order" : 0,
    "external" : false
  }, {
    "id" : "b7f38110-3509-4598-8df3-bb845b9d399e",
    "name" : "localization.json",
    "type" : "json",
    "order" : 0,
    "external" : false
  } ],
  "inactiveAssets" : [ ],
  "data" : {
    "accordionTree" : {
      "type" : "json",
      "value" : "[\n  {\n    \"name\": \"Group 1\",\n    \"children\": [\n      {\n        \"name\": \"Sub 1.1\",\n        \"children\": [\n          {\n            \"name\": \"Sub 1.1.1\",\n            \"children\": [\n              {\n                \"name\": \"Child 1.1.1.1\",\n                \"children\": [],\n                \"text\": \"1.1.1.1\"\n              },\n              {\n                \"name\": \"Child 1.1.1.2\",\n                \"children\": [],\n                \"text\": \"1.1.1.2\"\n              }\n            ],\n            \"text\": \"1.1\"\n          },\n          {\n            \"name\": \"Sub 1.1.2\",\n            \"children\": [\n              {\n                \"name\": \"Child 1.1.2.1\",\n                \"children\": [],\n                \"text\": \"1.1.2.1\"\n              },\n              {\n                \"name\": \"Child 1.1.2.2\",\n                \"children\": [],\n                \"text\": \"1.1.2.2\"\n              },\n              {\n                \"name\": \"Child 1.1.2.3\",\n                \"children\": [],\n                \"text\": \"1.1.2.3\"\n              }\n            ]\n          }\n        ],\n        \"text\": \"1.1\"\n      },\n      {\n        \"name\": \"Sub 1.2\",\n        \"children\": [\n          {\n            \"name\": \"Child 1.2.1\",\n            \"children\": [],\n            \"text\": \"1.2.1\"\n          },\n          {\n            \"name\": \"Child 1.2.2\",\n            \"children\": [],\n            \"text\": \"1.2.2\"\n          }\n        ],\n        \"text\": \"1.2\"\n      }\n    ],\n    \"text\": \"1\"\n  },\n  {\n    \"name\": \"Group 2\",\n    \"children\": [\n      {\n        \"name\": \"Sub 2.1\",\n        \"children\": [\n          {\n            \"name\": \"Child 2.1.1\",\n            \"children\": [],\n            \"text\": \"2.1.1\"\n          }\n        ],\n        \"text\": \"2.1\"\n      }\n    ],\n    \"text\": \"2\"\n  }\n]",
      "exposed" : false
    }
  }
}